lag,acf_return,acf_return_ci_low,acf_return_ci_high,pacf_return,pacf_return_ci_low,pacf_return_ci_high,acf_squared_return,acf_squared_return_ci_low,acf_squared_return_ci_high,pacf_squared_return,pacf_squared_return_ci_low,pacf_squared_return_ci_high,acf_abs_return,acf_abs_return_ci_low,acf_abs_return_ci_high,pacf_abs_return,pacf_abs_return_ci_low,pacf_abs_return_ci_high
0,1.0,1.0,1.0,1.0,1.0,1.0,1.0,1.0,1.0,1.0,1.0,1.0,1.0,1.0,1.0,1.0,1.0,1.0
1,-0.05734169137496593,-0.09527253136016556,-0.019410851389766302,-0.05734169137496594,-0.09527253136016556,-0.019410851389766316,0.29056026562825554,0.2526294256430559,0.3284911056134552,0.29056026562825565,0.252629425643056,0.3284911056134553,0.2543033701844254,0.21637253019922575,0.29223421016962503,0.2543033701844253,0.21637253019922564,0.2922342101696249
2,-0.07441177331517085,-0.11246712816974708,-0.036356418460594626,-0.07795616818930964,-0.11588700817450927,-0.04002532820411002,0.2967865284363229,0.2557782110133363,0.3377948458593095,0.23194312058137698,0.19401228059617737,0.2698739605665766,0.23488434506793668,0.1945750786889723,0.2751936114469011,0.1819830200262762,0.14405218004107656,0.21991386001147584
3,-0.015701155241495502,-0.053965277571035516,0.022562967088044516,-0.025004494950384617,-0.06293533493558424,0.012926345034815007,0.42343137039505035,0.3794411611358688,0.4674215796542319,0.3345245955234639,0.2965937555382643,0.37245543550866356,0.25893913675424046,0.21670656205974415,0.3011717114487368,0.1811222165006006,0.14319137651540098,0.2190530564858002
4,0.06263805703816996,0.02436466632961736,0.10091144774672256,0.054833666116809544,0.01690282613160992,0.09276450610200918,0.1744251765196475,0.12491702706459354,0.22393332597470147,-0.04041859420075817,-0.0783494341859578,-0.002487754215558545,0.19868662244135107,0.15422849552075168,0.24314474936195046,0.0839168035940753,0.04598596360887568,0.12184764357927493
5,-0.032501049351913294,-0.07092164763104584,0.005919548927219256,-0.02859920829433032,-0.06653004827952995,0.009331631690869303,0.3529421588124372,0.30255761507325335,0.403326702551621,0.21691309138285222,0.17898225139765261,0.25484393136805183,0.22448975412931238,0.17877194352453785,0.2702075647340869,0.11290825820531984,0.07497741822012022,0.15083909819051947
6,-0.07765524044591185,-0.11611537467424705,-0.039195106217576645,-0.0739675469644886,-0.11189838694968822,-0.03603670697928897,0.21146809290844468,0.15764387153573553,0.26529231428115385,-0.0455487470969291,-0.08347958708212871,-0.007617907111729473,0.19025417834143224,0.14297700044723416,0.23753135623563032,0.058949766170334664,0.02101892618513504,0.09688060615553429
7,-0.0001762562156857542,-0.03886132053181061,0.0385088081004391,-0.011995886707640298,-0.04992672669283992,0.025934953277559326,0.16549427313465834,0.11048768354138339,0.2205008627279333,0.025178680107831506,-0.012752159877368118,0.06310952009303113,0.16346653609149653,0.11510035661561226,0.2118327155673808,0.033298902193339364,-0.0046319377918602606,0.07122974217853899
8,-0.002242901976812238,-0.04092796744833207,0.03644216349470759,-0.018766552766359374,-0.056697392751558995,0.01916428721884025,0.292392876496139,0.236674523926255,0.348111229066023,0.08176573271261937,0.04383489272741975,0.119696572697819,0.17032669779386597,0.1211720661867407,0.21948132940099124,0.04382780883557563,0.005896968850376008,0.08175864882077526
9,0.006125913799001831,-0.03255933876706147,0.04481116636506514,0.0045450876433007934,-0.03338575234189883,0.042475927628500415,0.16479513871753715,0.10691126881526619,0.2226790086198081,0.03245450427003038,-0.005476335715169242,0.07038534425523,0.214867087487116,0.16487051350066417,0.2648636614735678,0.10256069726694743,0.0646298572817478,0.14049153725214705
10,-0.003292967738995266,-0.041979615945073635,0.0353936804670831,0.003046987820457193,-0.03488385216474243,0.04097782780565682,0.1287986167671778,0.07024361828602985,0.18735361524832575,-0.07188767716320886,-0.10981851714840848,-0.033956837178009236,0.15789500390347116,0.10658705797400836,0.20920294983293397,0.021061143686935877,-0.016869696298263747,0.0589919836721355
11,0.019137068003010196,-0.019549983473615626,0.05782411947963602,0.015519937680843521,-0.022410902304356103,0.05345077766604314,0.11625575950572205,0.05729456133523342,0.17521695767621068,-0.06736659809599164,-0.10529743808119127,-0.02943575811079202,0.15018031701660103,0.09817797364044237,0.2021826603927597,0.01845066999709668,-0.019480169988102945,0.0563815099822963
12,0.02905629996910489,-0.009644368890851223,0.067756968829061,0.026923255874640478,-0.011007584110559146,0.0648540958598401,0.08647386838076145,0.027183789778964663,0.14576394698255823,-0.007757983901659799,-0.04568882388685942,0.030172856083539826,0.12996870137293298,0.07734605266844236,0.1825913500774236,-0.0038978631626986598,-0.041828703147898286,0.03403297682250096
13,-0.030306522820929757,-0.06903856576582565,0.008425520123966142,-0.027145970329042257,-0.06507681031424188,0.010784869656157367,0.10364221655997871,0.044170958226038524,0.1631134748939189,-0.005073211812915405,-0.04300405179811503,0.03285762817228422,0.11830351865592066,0.06522104087960878,0.17138599643223254,0.0004994468315354921,-0.03743139315366413,0.03843028681673512
14,-0.027260206120874483,-0.06602635230124682,0.011505940059497854,-0.0280689048208421,-0.06599974480604173,0.009861935164357523,0.10552872152786903,0.045798161460018694,0.16525928159571937,0.04648371662258125,0.008552876637381628,0.08441455660778088,0.1349781194397542,0.08151764712731024,0.18843859175219818,0.022755908165763877,-0.015174931819435748,0.060686748150963504
15,0.023154495590208542,-0.015639220551527205,0.061948211731944286,0.016072202976876594,-0.02185863700832303,0.05400304296207622,0.09163260168971334,0.03163439746306005,0.15163080591636663,0.03361938143118369,-0.0043114585540159345,0.07155022141638331,0.1165767907538179,0.06262822739036492,0.17052535411727088,0.009793822950812783,-0.02813701703438684,0.04772466293601241
16,0.02087392717603242,-0.01793966743461264,0.05968752178667748,0.01704206240438195,-0.020888777580817672,0.05497290238958158,0.0779784286312312,0.017779213412243373,0.13817764385021902,-0.002749204998758246,-0.04068004498395787,0.035181634986441376,0.12318073899098966,0.06887095071294982,0.1774905272690295,0.025645014686783468,-0.012285825298416157,0.0635758546719831
17,0.016111333538636335,-0.022718409083527735,0.054941076160800406,0.028494179383911095,-0.009436660601288529,0.06642501936911072,0.04840597655431018,-0.011938389581981443,0.1087503426906018,-0.04531881496219645,-0.08324965494739608,-0.007387974976996829,0.12153010024915091,0.06681981975918458,0.17624038073911724,0.02126476733876558,-0.016666072646434046,0.0591956073239652
18,-0.00760932997797897,-0.0464486893785588,0.03123002942260086,0.00407205391460304,-0.033858786070596586,0.04200289389980266,0.04258588895095449,-0.01781431716754498,0.10298609506945397,-0.010944594508120737,-0.04887543449332036,0.02698624547707889,0.10058640715283201,0.04548909165888157,0.15568372264678246,-0.004471143546439093,-0.042401983531638716,0.03345969643876053
19,0.0038926067559193664,-0.034948897478763515,0.04273411099060225,-1.1430144095487738e-05,-0.03794227012929511,0.03791940984110414,0.05556839152589897,-0.004874998576947252,0.1160117816287452,0.023231098585719572,-0.014699741399480052,0.0611619385709192,0.10266763330324001,0.047306748072172715,0.1580285185343073,0.005669847760948676,-0.032260992224250946,0.0436006877461483
20,0.0469205868469279,0.008078521348737086,0.08576265234511872,0.04393447933879162,0.006003639353591994,0.08186531932399124,0.014807651981186448,-0.045709194234336135,0.07532449819670903,-0.02503631370551312,-0.06296715369071275,0.012894526279686503,0.04505401143131596,-0.01058013531816341,0.10068815818079532,-0.05708188185744101,-0.09501272184264063,-0.019151041872241384
21,-0.0038252773131658944,-0.0427488046671753,0.03509825004084352,0.002539341396558934,-0.03539149858864069,0.040470181381758556,0.024040166817399674,-0.0364818920932755,0.08456222572807484,-0.004669872847535867,-0.04260071283273549,0.03326096713766376,0.06777068481992411,0.01208406872186156,0.12345730091798666,-0.004520841888650298,-0.04245168187384992,0.03340999809654933
22,0.02721631951210118,-0.011707748715232277,0.06614038773943463,0.038829232220157196,0.0008983922349575721,0.07676007220535683,0.03098755848815988,-0.029548237580593877,0.09152335455691363,-0.003839851741671691,-0.04177069172687131,0.03409098824352794,0.10151441314942622,0.045709259526243974,0.15731956677260847,0.04017997063760251,0.0022491306524028837,0.07811081062280213
23,-0.019332207297650766,-0.05828364540052623,0.019619230805224697,-0.010056819227907599,-0.04798765921310722,0.027874020757292027,0.021409173540638027,-0.039149439895840285,0.08196778697711633,0.007464682756783664,-0.03046615722841596,0.04539552274198329,0.06010560250031731,0.004035393951861498,0.11617581104877311,-0.009461110163811435,-0.047391950149011056,0.02846972982138819
24,-0.002612966400859473,-0.041578206673759555,0.03635227387204061,-0.0039821408908000365,-0.041912980875999664,0.033948699094399584,0.030755414173947122,-0.029814087805295472,0.09132491615318972,0.005134323806537143,-0.03279651617866248,0.04306516379173677,0.07308642733307229,0.016923594664628963,0.1292492600015156,0.009224219560964333,-0.02870662042423529,0.04715505954616396
25,0.022485561119430807,-0.016479931254027795,0.06145105349288941,0.027966015081498107,-0.009964824903701517,0.06589685506669773,0.020987736805148944,-0.03960422950813974,0.08157970311843762,0.024965459334202942,-0.012965380650996682,0.06289629931940256,0.0725794930093182,0.0162799877980385,0.1288789982205979,0.008099830662185574,-0.02983100932301405,0.0460306706473852
26,-0.021610456478585886,-0.06059461300188347,0.0173737000447117,-0.01742139490940502,-0.05535223489460464,0.020509445075794604,0.036345553729806794,-0.024256870944137074,0.09694797840375066,0.035536441856958596,-0.002394398128241028,0.07346728184215823,0.08656107033883258,0.030127106119228836,0.14299503455843632,0.030144591570423148,-0.007786248414776476,0.06807543155562278
27,-0.026026572374382634,-0.06502796061998775,0.012974815871222484,-0.024427688790359364,-0.06235852877555899,0.01350315119484026,0.03312774478488978,-0.027506033327122988,0.09376152289690254,0.0040414109380542546,-0.03388942904714537,0.04197225092325388,0.08161668801921558,0.024992021280517397,0.13824135475791377,0.014827704767245053,-0.02310313521795457,0.05275854475244468
28,-0.013382176784756346,-0.052408545451001626,0.025644191881488934,-0.01458563787173195,-0.05251647785693157,0.023345202113467675,0.054102203456814636,-0.006557609848372545,0.11476201676200182,0.04262264439038665,0.004691804405187024,0.08055348437558627,0.09180663828208613,0.03501297042255634,0.1486003061416159,0.030720037370396493,-0.007210802614803131,0.06865087735559612
29,0.019161586688714843,-0.019871383491907216,0.0581945568693369,0.008749098707196803,-0.02918174127800282,0.04667993869239643,0.022214058809846046,-0.03851513947218673,0.08294325709187883,-0.028005776191010162,-0.06593661617620979,0.009925063794189462,0.05834608478881126,0.0013392994382897053,0.11535287013933282,-0.005023652862054773,-0.042954492847254395,0.03290718712314485
30,0.0009289453681821105,-0.038117556158051354,0.039975446894415574,0.005278718819936415,-0.03265212116526321,0.043209558805136036,0.03157031185090687,-0.029170576078516676,0.09231119978033042,0.006274534289843165,-0.03165630569535646,0.044205374275042786,0.07564358447612943,0.018550946238687055,0.1327362227135718,0.01570254877670569,-0.022228291208493935,0.053633388761905314
31,-0.01790931033695949,-0.05695584365995984,0.02113722298604086,-0.014197565105473523,-0.052128405090673145,0.023733274879726103,0.046088368420399914,-0.014676123049673827,0.10685285989047366,-0.0026581638163466186,-0.040589003801546245,0.035272676168853004,0.09668509772263612,0.039448446513341964,0.15392174893193028,0.030681700362866497,-0.007249139622333128,0.06861254034806612
32,0.0022109777471258584,-0.036847372228062954,0.04126932772231467,-0.005664007229537354,-0.04359484721473698,0.03226683275566227,0.041894771469134985,-0.0189199933828706,0.10270953632114058,0.03205868886526392,-0.005872151119935706,0.06998952885046354,0.08630555365593098,0.028834403421565832,0.14377670389029612,0.0221795434450994,-0.015751296540100223,0.06011038343029902
33,-0.001489137490372868,-0.04054766753448597,0.037569392553740234,-0.0089655350008082,-0.04689637498600782,0.028965304984391427,0.0611601813155249,0.0003039069780179371,0.12201645565303186,0.015940373347185267,-0.021990466638014357,0.05387121333238489,0.0822582936623576,0.024600973441458444,0.13991561388325674,0.007239163699988328,-0.030691676285211297,0.045170003685187955
34,-0.005428391034048429,-0.04448700276238163,0.03363022069428477,-0.009673221559599205,-0.04760406154479883,0.02825761842560042,0.004177515245358902,-0.05676712848742164,0.06512215897813944,-0.052695581467423036,-0.09062642145262266,-0.014764741482223412,0.03718207028800177,-0.020643849071254328,0.09500798964725787,-0.04052528258867025,-0.07845612257386987,-0.002594442603470623
35,0.019505473418733755,-0.01955422374587636,0.05856517058334387,0.022410401834387472,-0.015520438150812152,0.060341241819587096,0.04069362618973219,-0.020251429530508194,0.10163868190997258,0.012763111090559382,-0.025167728894640244,0.050693951075759004,0.07469465810811102,0.016834351265183935,0.1325549649510381,0.015020000350588442,-0.022910839634611182,0.05295084033578806
36,-0.040407625618153795,-0.07948133449310474,-0.0013339167432028579,-0.04223867953403253,-0.08016951951923215,-0.0043078395488329035,0.0341102294998968,-0.026873906710622508,0.09509436571041611,-0.01750455478276679,-0.05543539476796641,0.020426285202432833,0.056726145409526925,-0.0012727296241041644,0.11472502044315802,-0.010253052758049108,-0.04818389274324873,0.027677787227150516
37,-0.0018920863781291429,-0.041025870175293855,0.037241697419035574,-0.010888695724358572,-0.048819535709558194,0.027042144260841054,0.007688082360120045,-0.05332349735804442,0.06869966207828451,0.0012284643048742804,-0.03670237568032535,0.0391593042900739,0.05096714814209368,-0.007111495744533083,0.10904579202872045,-0.005314793982974751,-0.04324563396817437,0.032616046002224876
38,-0.009860529672980319,-0.04899444508783589,0.029273385741875255,-0.01346467747148655,-0.05139551745668618,0.02446616251371307,0.04694071401822474,-0.014072259510479745,0.10795368754692923,0.01406526723960156,-0.023865572745598064,0.051996107224801184,0.058949156534634374,0.0008061981736138465,0.11709211489565491,0.005264774157301457,-0.03266606582789817,0.04319561414250108
39,0.026877296646072295,-0.012260193243863564,0.06601478653600815,0.019932054565923268,-0.017998785419276356,0.057862894551122895,0.03409062561684466,-0.026974284965148337,0.09515553619883765,0.03595046477994003,-0.0019803752052595935,0.07388130476513965,0.07115593858991225,0.01292705470323454,0.12938482247658994,0.026013566441240248,-0.011917273543959377,0.06394440642643986
40,0.0219196223959678,-0.01724441451874794,0.06108365931068354,0.0244339571880182,-0.013496882797181423,0.06236479717321783,0.026525612853898182,-0.03456667346386193,0.0876178991716583,-0.015153684956886468,-0.05308452494208609,0.022777155028313158,0.06270788090221528,0.004354027820407724,0.12106173398402284,0.0014262548517085475,-0.03650458513349108,0.03935709483690817
